{
  "content": [
    {
      "path": "ContentInfo/rc-panels-tlb/Thumbnail.jpg",
      "size": 13520,
      "date": 132751858430000000
    },
    {
      "path": "html_ui/icons/toolbar/RCPanelsTlb.svg",
      "size": 4155,
      "date": 133440402770258375
    },
    {
      "path": "html_ui/InGamePanels/RcPanelsTlb/RcPanelsTlb.css",
      "size": 1565,
      "date": 133444674773243140
    },
    {
      "path": "html_ui/InGamePanels/RcPanelsTlb/RcPanelsTlb.html",
      "size": 1805,
      "date": 133442643676557689
    },
    {
      "path": "html_ui/InGamePanels/RcPanelsTlb/RcPanelsTlb.js",
      "size": 6029,
      "date": 133444686299407338
    },
    {
      "path": "InGamePanels/InGamePanel_InputViewer.spb",
      "size": 668,
      "date": 133444659822339544
    }
  ]
}